"Data Source","World Development Indicators",

"Last Updated Date","2022-07-20",

"Country Name","Country Code","Indicator Name","Indicator Code","1960","1961","1962","1963","1964","1965","1966","1967","1968","1969","1970","1971","1972","1973","1974","1975","1976","1977","1978","1979","1980","1981","1982","1983","1984","1985","1986","1987","1988","1989","1990","1991","1992","1993","1994","1995","1996","1997","1998","1999","2000","2001","2002","2003","2004","2005","2006","2007","2008","2009","2010","2011","2012","2013","2014","2015","2016","2017","2018","2019","2020","2021",
"Aruba","ABW","Time required to start a business, female (days)","IC.REG.DURS.FE","","","","","","","","","","","","","","","","","","","","","","","","","","","","","","","","","","","","","","","","","","","","","","","","","","","","","","","","","","","","","","",
"Africa Eastern and Southern","AFE","Time required to start a business, female (days)","IC.REG.DURS.FE","","","","","","","","","","","","","","","","","","","","","","","","","","","","","","","","","","","","","","","","","","","","77.6470588235294","71.7142857142857","66.8333333333333","60.125","54.5","47.8333333333333","46.5833333333333","43.7916666666667","37.4583333333333","35.46","33.18","32.38","32.0961538461538","31.6346153846154","29.3269230769231","27.8461538461538","26.8461538461538","","",
"Afghanistan","AFG","Time required to start a business, female (days)","IC.REG.DURS.FE","","","","","","","","","","","","","","","","","","","","","","","","","","","","","","","","","","","","","","","","","","","","","10","10","10","11","11","10","10","10","10","7","9","9","9","9","9","9","","",
"Africa Western and Central","AFW","Time required to start a business, female (days)","IC.REG.DURS.FE","","","","","","","","","","","","","","","","","","","","","","","","","","","","","","","","","","","","","","","","","","","","45.4666666666667","43.8666666666667","59.6","59.9047619047619","55.9047619047619","55.0476190476191","50.9047619047619","49.9047619047619","37.7142857142857","35.8571428571429","29.4227272727273","25.5136363636364","25.2636363636364","24.2918181818182","17.9963636363636","17.8372727272727","15.3513636363636","","",
"Angola","AGO","Time required to start a business, female (days)","IC.REG.DURS.FE","","","","","","","","","","","","","","","","","","","","","","","","","","","","","","","","","","","","","","","","","","","","83","83","83","83","83","68","68","66","66","66","66","66","36","36","36","36","36","","",
"Albania","ALB","Time required to start a business, female (days)","IC.REG.DURS.FE","","","","","","","","","","","","","","","","","","","","","","","","","","","","","","","","","","","","","","","","","","","","41","40","41","39","37","10","6","6","6","5","5","5","5","5","5","4.5","4.5","","",
"Andorra","AND","Time required to start a business, female (days)","IC.REG.DURS.FE","","","","","","","","","","","","","","","","","","","","","","","","","","","","","","","","","","","","","","","","","","","","","","","","","","","","","","","","","","","","","","",
"Arab World","ARB","Time required to start a business, female (days)","IC.REG.DURS.FE","","","","","","","","","","","","","","","","","","","","","","","","","","","","","","","","","","","","","","","","","","","","47.9615384615385","42.65625","40.0833333333333","38.8611111111111","32.575","22.675","22.025","22.05","21.5","22.2380952380952","21","20","22.5681818181818","23.6818181818182","21.9318181818182","21.0454545454545","20","","",
"United Arab Emirates","ARE","Time required to start a business, female (days)","IC.REG.DURS.FE","","","","","","","","","","","","","","","","","","","","","","","","","","","","","","","","","","","","","","","","","","","","20","20","20","20","19","19","16","16","14","9","9","9","9","9","9","4.5","4.5","","",
"Argentina","ARG","Time required to start a business, female (days)","IC.REG.DURS.FE","","","","","","","","","","","","","","","","","","","","","","","","","","","","","","","","","","","","","","","","","","","","65.5","29.5","29.5","29.5","29.5","30","25","24.5","24.5","24.5","24.5","24.5","24.5","24.5","24.5","11","11.5","","",
"Armenia","ARM","Time required to start a business, female (days)","IC.REG.DURS.FE","","","","","","","","","","","","","","","","","","","","","","","","","","","","","","","","","","","","","","","","","","","","18","18","18","17","17","17","14","14","8","8","5","5","5","5","5","4","4","","",
"American Samoa","ASM","Time required to start a business, female (days)","IC.REG.DURS.FE","","","","","","","","","","","","","","","","","","","","","","","","","","","","","","","","","","","","","","","","","","","","","","","","","","","","","","","","","","","","","","",
"Antigua and Barbuda","ATG","Time required to start a business, female (days)","IC.REG.DURS.FE","","","","","","","","","","","","","","","","","","","","","","","","","","","","","","","","","","","","","","","","","","","","","","26","22","22","22","22","22","22","22","22","22","22","22","22","22","19","","",
"Australia","AUS","Time required to start a business, female (days)","IC.REG.DURS.FE","","","","","","","","","","","","","","","","","","","","","","","","","","","","","","","","","","","","","","","","","","","","3","3","3","3","3","2.5","2.5","2.5","2.5","2.5","2.5","2.5","2.5","2.5","2.5","2.5","2","","",
"Austria","AUT","Time required to start a business, female (days)","IC.REG.DURS.FE","","","","","","","","","","","","","","","","","","","","","","","","","","","","","","","","","","","","","","","","","","","","25","25","25","25","25","25","25","25","25","25","25","22","22","21","21","21","21","","",
"Azerbaijan","AZE","Time required to start a business, female (days)","IC.REG.DURS.FE","","","","","","","","","","","","","","","","","","","","","","","","","","","","","","","","","","","","","","","","","","","","105","121","113","51","36","10","10","8","8","8","7","5.5","3.5","3.5","3.5","3.5","3.5","","",
"Burundi","BDI","Time required to start a business, female (days)","IC.REG.DURS.FE","","","","","","","","","","","","","","","","","","","","","","","","","","","","","","","","","","","","","","","","","","","","13","13","13","13","13","13","13","13","13","7","5","5","4","4","4","5","5","","",
"Belgium","BEL","Time required to start a business, female (days)","IC.REG.DURS.FE","","","","","","","","","","","","","","","","","","","","","","","","","","","","","","","","","","","","","","","","","","","","56","34","34","27","4.5","4.5","4.5","4.5","4.5","4.5","4.5","4.5","4.5","4.5","4.5","4.5","5","","",
"Benin","BEN","Time required to start a business, female (days)","IC.REG.DURS.FE","","","","","","","","","","","","","","","","","","","","","","","","","","","","","","","","","","","","","","","","","","","","36","35","35","35","35","35","35","35","33","30","19","13","13","9","9","9","9","","",
"Burkina Faso","BFA","Time required to start a business, female (days)","IC.REG.DURS.FE","","","","","","","","","","","","","","","","","","","","","","","","","","","","","","","","","","","","","","","","","","","","40","40","40","34","18","16","14","14","13","13","13","13","13","13","13","13","13","","",
"Bangladesh","BGD","Time required to start a business, female (days)","IC.REG.DURS.FE","","","","","","","","","","","","","","","","","","","","","","","","","","","","","","","","","","","","","","","","","","","","","","","","","","","","","","21.84","19.5","19.5","19.5","19.5","19.5","19.5","","",
"Bulgaria","BGR","Time required to start a business, female (days)","IC.REG.DURS.FE","","","","","","","","","","","","","","","","","","","","","","","","","","","","","","","","","","","","","","","","","","","","39","39","39","39","39","56","25","25","25","25","25","25","25","23","23","23","23","","",
"Bahrain","BHR","Time required to start a business, female (days)","IC.REG.DURS.FE","","","","","","","","","","","","","","","","","","","","","","","","","","","","","","","","","","","","","","","","","","","","","","","","10","10","10","10","10","10","10","10","10","9","9","9","9","","",
"Bahamas, The","BHS","Time required to start a business, female (days)","IC.REG.DURS.FE","","","","","","","","","","","","","","","","","","","","","","","","","","","","","","","","","","","","","","","","","","","","","","","","30.5","30.5","30.5","23.5","23.5","23.5","23.5","23.5","28.5","21.5","21.5","21.5","11.5","","",
"Bosnia and Herzegovina","BIH","Time required to start a business, female (days)","IC.REG.DURS.FE","","","","","","","","","","","","","","","","","","","","","","","","","","","","","","","","","","","","","","","","","","","","68","63","93","93","93","99","99","109","85","82","82","82","82","80","80","80","80","","",
"Belarus","BLR","Time required to start a business, female (days)","IC.REG.DURS.FE","","","","","","","","","","","","","","","","","","","","","","","","","","","","","","","","","","","","","","","","","","","","80","80","80","70","49","32","13","13","13","13","12","12","9","9","9","9","8.5","","",
"Belize","BLZ","Time required to start a business, female (days)","IC.REG.DURS.FE","","","","","","","","","","","","","","","","","","","","","","","","","","","","","","","","","","","","","","","","","","","","","","57","44","43","43","43","43","43","43","43","43","43","43","48","48","48","","",
"Bermuda","BMU","Time required to start a business, female (days)","IC.REG.DURS.FE","","","","","","","","","","","","","","","","","","","","","","","","","","","","","","","","","","","","","","","","","","","","","","","","","","","","","","","","","","","","","","",
"Bolivia","BOL","Time required to start a business, female (days)","IC.REG.DURS.FE","","","","","","","","","","","","","","","","","","","","","","","","","","","","","","","","","","","","","","","","","","","","59","59","49","49","49","49","49","49","49","49","49","49","49","45","41","39.5","39.5","","",
"Brazil","BRA","Time required to start a business, female (days)","IC.REG.DURS.FE","","","","","","","","","","","","","","","","","","","","","","","","","","","","","","","","","","","","","","","","","","","","","","","","","","","","","","86.635","83.585","85.975","82.465","82.465","20.145","16.62","","",
"Barbados","BRB","Time required to start a business, female (days)","IC.REG.DURS.FE","","","","","","","","","","","","","","","","","","","","","","","","","","","","","","","","","","","","","","","","","","","","","","","","","","","","18","18","18","19","19","16","16","16","16","","",
"Brunei Darussalam","BRN","Time required to start a business, female (days)","IC.REG.DURS.FE","","","","","","","","","","","","","","","","","","","","","","","","","","","","","","","","","","","","","","","","","","","","","","","122","122","122","122","109","105","105","105","105","15","15","13","6","6","","",
"Bhutan","BTN","Time required to start a business, female (days)","IC.REG.DURS.FE","","","","","","","","","","","","","","","","","","","","","","","","","","","","","","","","","","","","","","","","","","","","62","62","62","62","48","46","46","46","35","35","30","15","15","15","12","12","12","","",
"Botswana","BWA","Time required to start a business, female (days)","IC.REG.DURS.FE","","","","","","","","","","","","","","","","","","","","","","","","","","","","","","","","","","","","","","","","","","","","125","125","125","105","105","74","59","59","40","40","41","48","48","48","48","48","48","","",
"Central African Republic","CAF","Time required to start a business, female (days)","IC.REG.DURS.FE","","","","","","","","","","","","","","","","","","","","","","","","","","","","","","","","","","","","","","","","","","","","22","22","22","22","22","23","24","24","22","22","22","22","22","22","22","22","22","","",
"Canada","CAN","Time required to start a business, female (days)","IC.REG.DURS.FE","","","","","","","","","","","","","","","","","","","","","","","","","","","","","","","","","","","","","","","","","","","","3.5","3.5","3.5","3.5","3.5","5.5","5.5","5.5","5.5","5.5","5.5","5.5","1.5","1.5","1.5","1.5","1.5","","",
"Central Europe and the Baltics","CEB","Time required to start a business, female (days)","IC.REG.DURS.FE","","","","","","","","","","","","","","","","","","","","","","","","","","","","","","","","","","","","","","","","","","","","50.8636363636364","46.1363636363636","36.5909090909091","33.9545454545455","28.2272727272727","24.5","19.4545454545455","18.9090909090909","19.0909090909091","18.9090909090909","17.9090909090909","16.8181818181818","16.0909090909091","15.7272727272727","15.7272727272727","18","15.9090909090909","","",
"Switzerland","CHE","Time required to start a business, female (days)","IC.REG.DURS.FE","","","","","","","","","","","","","","","","","","","","","","","","","","","","","","","","","","","","","","","","","","","","20","18","18","18","18","18","18","18","18","18","18","10","10","10","10","10","10","","",
"Channel Islands","CHI","Time required to start a business, female (days)","IC.REG.DURS.FE","","","","","","","","","","","","","","","","","","","","","","","","","","","","","","","","","","","","","","","","","","","","","","","","","","","","","","","","","","","","","","",
"Chile","CHL","Time required to start a business, female (days)","IC.REG.DURS.FE","","","","","","","","","","","","","","","","","","","","","","","","","","","","","","","","","","","","","","","","","","","","42","42","42","40","40","40","40","36.5","9.5","7.5","7.5","7.5","7.5","7.5","7.5","6","4","","",
"China","CHN","Time required to start a business, female (days)","IC.REG.DURS.FE","","","","","","","","","","","","","","","","","","","","","","","","","","","","","","","","","","","","","","","","","","","","","","","","","","","","","","34.35","31.35","31.35","28.9","24.9","8.55","8.55","","",
"Cote d'Ivoire","CIV","Time required to start a business, female (days)","IC.REG.DURS.FE","","","","","","","","","","","","","","","","","","","","","","","","","","","","","","","","","","","","","","","","","","","","62","58","45","45","42","40","40","40","32","32","8","7","7","7","8","6","6","","",
"Cameroon","CMR","Time required to start a business, female (days)","IC.REG.DURS.FE","","","","","","","","","","","","","","","","","","","","","","","","","","","","","","","","","","","","","","","","","","","","45","45","45","45","38","39","36","21","17","17","17","17","17","17","17","14","14","","",
"Congo, Dem. Rep.","COD","Time required to start a business, female (days)","IC.REG.DURS.FE","","","","","","","","","","","","","","","","","","","","","","","","","","","","","","","","","","","","","","","","","","","","167","134","134","134","133","133","127","85","66","59","32","17","12","12","7","7","7","","",
"Congo, Rep.","COG","Time required to start a business, female (days)","IC.REG.DURS.FE","","","","","","","","","","","","","","","","","","","","","","","","","","","","","","","","","","","","","","","","","","","","38","38","38","39","39","159","159","159","159","159","99","51","51","51","50","50","50","","",
"Colombia","COL","Time required to start a business, female (days)","IC.REG.DURS.FE","","","","","","","","","","","","","","","","","","","","","","","","","","","","","","","","","","","","","","","","","","","","44","41","41","42","41","35","19","11","11","12","12","12","12","11","11","11","10","","",
"Comoros","COM","Time required to start a business, female (days)","IC.REG.DURS.FE","","","","","","","","","","","","","","","","","","","","","","","","","","","","","","","","","","","","","","","","","","","","","","30","30","30","22","22","22","22","20","16","16","16","16","16","16","16","","",
"Cabo Verde","CPV","Time required to start a business, female (days)","IC.REG.DURS.FE","","","","","","","","","","","","","","","","","","","","","","","","","","","","","","","","","","","","","","","","","","","","","","60","52","52","52","24","18","18","18","18","18","18","18","18","18","9","","",
"Costa Rica","CRI","Time required to start a business, female (days)","IC.REG.DURS.FE","","","","","","","","","","","","","","","","","","","","","","","","","","","","","","","","","","","","","","","","","","","","90","90","90","87","90","74","73.5","73.5","73.5","57.5","23","23","23","22.5","22.5","23","23","","",
"Caribbean small states","CSS","Time required to start a business, female (days)","IC.REG.DURS.FE","","","","","","","","","","","","","","","","","","","","","","","","","","","","","","","","","","","","","","","","","","","","31","36.5","90.0909090909091","84.6363636363636","79.5416666666667","79.625","78.125","76.625","71.4230769230769","71.3461538461538","33.5769230769231","23.2692307692308","22.7307692307692","21.0384615384615","20.8846153846154","20.8846153846154","19.6538461538462","","",
"Cuba","CUB","Time required to start a business, female (days)","IC.REG.DURS.FE","","","","","","","","","","","","","","","","","","","","","","","","","","","","","","","","","","","","","","","","","","","","","","","","","","","","","","","","","","","","","","",
"Curacao","CUW","Time required to start a business, female (days)","IC.REG.DURS.FE","","","","","","","","","","","","","","","","","","","","","","","","","","","","","","","","","","","","","","","","","","","","","","","","","","","","","","","","","","","","","","",
"Cayman Islands","CYM","Time required to start a business, female (days)","IC.REG.DURS.FE","","","","","","","","","","","","","","","","","","","","","","","","","","","","","","","","","","","","","","","","","","","","","","","","","","","","","","","","","","","","","","",
"Cyprus","CYP","Time required to start a business, female (days)","IC.REG.DURS.FE","","","","","","","","","","","","","","","","","","","","","","","","","","","","","","","","","","","","","","","","","","","","","","","","","8","8","8","8","8","8","8","8","6","6","6","6","","",
"Czech Republic","CZE","Time required to start a business, female (days)","IC.REG.DURS.FE","","","","","","","","","","","","","","","","","","","","","","","","","","","","","","","","","","","","","","","","","","","","57","57","57","39","32","35","32","32","30.5","30.5","30.5","30.5","30.5","24.5","24.5","24.5","24.5","","",
"Germany","DEU","Time required to start a business, female (days)","IC.REG.DURS.FE","","","","","","","","","","","","","","","","","","","","","","","","","","","","","","","","","","","","","","","","","","","","45","45","22","22","18","17.5","17.5","14.5","14.5","14.5","14.5","14.5","10.5","8","8","8","8","","",
"Djibouti","DJI","Time required to start a business, female (days)","IC.REG.DURS.FE","","","","","","","","","","","","","","","","","","","","","","","","","","","","","","","","","","","","","","","","","","","","","","44","44","44","37","37","37","37","37","17","14","14","14","14","14","14","","",
"Dominica","DMA","Time required to start a business, female (days)","IC.REG.DURS.FE","","","","","","","","","","","","","","","","","","","","","","","","","","","","","","","","","","","","","","","","","","","","","","14","14","14","13","13","13","12","12","12","12","12","12","12","12","12","","",
"Denmark","DNK","Time required to start a business, female (days)","IC.REG.DURS.FE","","","","","","","","","","","","","","","","","","","","","","","","","","","","","","","","","","","","","","","","","","","","7.5","7.5","6.5","6.5","6.5","6.5","6.5","6","6","6","6","6","3.5","3.5","3.5","3.5","3.5","","",
"Dominican Republic","DOM","Time required to start a business, female (days)","IC.REG.DURS.FE","","","","","","","","","","","","","","","","","","","","","","","","","","","","","","","","","","","","","","","","","","","","79","79","76","76","25","15","16","15","14.5","14.5","14.5","14.5","14.5","18.5","16.5","16.5","16.5","","",
"Algeria","DZA","Time required to start a business, female (days)","IC.REG.DURS.FE","","","","","","","","","","","","","","","","","","","","","","","","","","","","","","","","","","","","","","","","","","","","25","24","22","22","22","22","22","22","22","22","22","20","18","18","18","18","18","","",
"East Asia & Pacific (excluding high income)","EAP","Time required to start a business, female (days)","IC.REG.DURS.FE","","","","","","","","","","","","","","","","","","","","","","","","","","","","","","","","","","","","","","","","","","","","46.8235294117647","51","50.4444444444444","49.8333333333333","46.8333333333333","46.6111111111111","45","42","37.9444444444444","39.2105263157895","41.0619047619048","35.8709523809524","35.8385714285714","33.1047619047619","32.2590476190476","30.3595238095238","29.6757142857143","","",
"Early-demographic dividend","EAR","Time required to start a business, female (days)","IC.REG.DURS.FE","","","","","","","","","","","","","","","","","","","","","","","","","","","","","","","","","","","","","","","","","","","","66.9431818181818","61.4666666666667","68.9245283018868","65.1698113207547","59.5092592592593","55.6944444444444","52.8425925925926","50.5277777777778","49.3055555555556","49.3482142857143","38.2599180327869","35.2025409836066","35.6094262295082","35.1177868852459","34.1265573770492","32.268606557377","30.9020491803279","","",
"East Asia & Pacific","EAS","Time required to start a business, female (days)","IC.REG.DURS.FE","","","","","","","","","","","","","","","","","","","","","","","","","","","","","","","","","","","","","","","","","","","","38.9130434782609","42.375","42.5833333333333","45.32","42.4","41.46","39.18","36.22","32.6","33.6923076923077","34.6534482758621","30.8772413793103","27.7158620689655","25.7362068965517","25.0548275862069","23.4034482758621","22.8910344827586","","",
"Europe & Central Asia (excluding high income)","ECA","Time required to start a business, female (days)","IC.REG.DURS.FE","","","","","","","","","","","","","","","","","","","","","","","","","","","","","","","","","","","","","","","","","","","","46.4","44.0333333333333","45.15625","37.3823529411765","32.2647058823529","27.9705882352941","22.8611111111111","21.9166666666667","19.75","18.8055555555556","16.6421052631579","15.6842105263158","13.3315789473684","12.9","12.1631578947368","11.5578947368421","11.3473684210526","","",
"Europe & Central Asia","ECS","Time required to start a business, female (days)","IC.REG.DURS.FE","","","","","","","","","","","","","","","","","","","","","","","","","","","","","","","","","","","","","","","","","","","","43.8536585365854","38.9166666666667","33.953488372093","29.0888888888889","25.0777777777778","21.3152173913043","18.9468085106383","18.0744680851064","16.6170212765957","16.625","15.5040816326531","14.2040816326531","12.2612244897959","11.8795918367347","11.5938775510204","12.552","11.762","","",
"Ecuador","ECU","Time required to start a business, female (days)","IC.REG.DURS.FE","","","","","","","","","","","","","","","","","","","","","","","","","","","","","","","","","","","","","","","","","","","","92","92","69","65","65","65","64","56","55.5","55.5","55.5","55.5","50.5","48.5","48.5","48.5","48.5","","",
"Egypt, Arab Rep.","EGY","Time required to start a business, female (days)","IC.REG.DURS.FE","","","","","","","","","","","","","","","","","","","","","","","","","","","","","","","","","","","","","","","","","","","","43","43","27","24","18","13","13","13","13","13","13","13","17","17","17","12","13","","",
"Euro area","EMU","Time required to start a business, female (days)","IC.REG.DURS.FE","","","","","","","","","","","","","","","","","","","","","","","","","","","","","","","","","","","","","","","","","","","","49.78125","41.65625","30.28125","26.5","22.9705882352941","18.0833333333333","17.1944444444444","16","15.5526315789474","15.1578947368421","14.4210526315789","12.3947368421053","11.4210526315789","10.8947368421053","10.3684210526316","10.4473684210526","9.81578947368421","","",
"Eritrea","ERI","Time required to start a business, female (days)","IC.REG.DURS.FE","","","","","","","","","","","","","","","","","","","","","","","","","","","","","","","","","","","","","","","","","","","","","76","76","76","83","84","84","84","84","84","84","84","84","84","84","84","84","","",
"Spain","ESP","Time required to start a business, female (days)","IC.REG.DURS.FE","","","","","","","","","","","","","","","","","","","","","","","","","","","","","","","","","","","","","","","","","","","","138","137","70","60","60","61","61","52","29","30","24","14","14","13","13","12.5","12.5","","",
"Estonia","EST","Time required to start a business, female (days)","IC.REG.DURS.FE","","","","","","","","","","","","","","","","","","","","","","","","","","","","","","","","","","","","","","","","","","","","72","72","35","35","6.5","6.5","6.5","6.5","6.5","6.5","6.5","4.5","3.5","3.5","3.5","3.5","3.5","","",
"Ethiopia","ETH","Time required to start a business, female (days)","IC.REG.DURS.FE","","","","","","","","","","","","","","","","","","","","","","","","","","","","","","","","","","","","","","","","","","","","47","35","35","19","19","19","20","20","40","40","39","39","35","35","33","32","32","","",
"European Union","EUU","Time required to start a business, female (days)","IC.REG.DURS.FE","","","","","","","","","","","","","","","","","","","","","","","","","","","","","","","","","","","","","","","","","","","","45.4583333333333","40","30.5833333333333","26.84","23.06","20.0192307692308","17.8269230769231","16.9038461538462","16.6296296296296","16.3703703703704","15.7777777777778","14.3518518518519","13.2407407407407","12.7222222222222","12.3518518518519","13.2777777777778","12.1666666666667","","",
"Fragile and conflict affected situations","FCS","Time required to start a business, female (days)","IC.REG.DURS.FE","","","","","","","","","","","","","","","","","","","","","","","","","","","","","","","","","","","","","","","","","","","","70.5833333333333","64.8333333333333","69.40625","65.1875","60.4375","59.90625","57.1818181818182","50.7575757575758","42.8787878787879","41.8611111111111","37.4405405405405","32.9405405405405","33.1921052631579","33.6557894736842","32.1031578947368","30.9715789473684","30.5323684210526","","",
"Finland","FIN","Time required to start a business, female (days)","IC.REG.DURS.FE","","","","","","","","","","","","","","","","","","","","","","","","","","","","","","","","","","","","","","","","","","","","31","17","17","17","17","17","17","17","17","17","17","17","17","17","17","17","13","","",
"Fiji","FJI","Time required to start a business, female (days)","IC.REG.DURS.FE","","","","","","","","","","","","","","","","","","","","","","","","","","","","","","","","","","","","","","","","","","","","31","31","44","44","44","44","44","44","44","58","58","58","58","40","40","40","40","","",
"France","FRA","Time required to start a business, female (days)","IC.REG.DURS.FE","","","","","","","","","","","","","","","","","","","","","","","","","","","","","","","","","","","","","","","","","","","","41","7","7","7","7","6.5","6.5","6.5","6.5","6.5","6.5","4.5","4","3.5","3.5","3.5","4","","",
"Faroe Islands","FRO","Time required to start a business, female (days)","IC.REG.DURS.FE","","","","","","","","","","","","","","","","","","","","","","","","","","","","","","","","","","","","","","","","","","","","","","","","","","","","","","","","","","","","","","",
"Micronesia, Fed. Sts.","FSM","Time required to start a business, female (days)","IC.REG.DURS.FE","","","","","","","","","","","","","","","","","","","","","","","","","","","","","","","","","","","","","","","","","","","","36","16","16","16","16","16","16","16","16","16","16","16","16","16","16","16","16","","",
"Gabon","GAB","Time required to start a business, female (days)","IC.REG.DURS.FE","","","","","","","","","","","","","","","","","","","","","","","","","","","","","","","","","","","","","","","","","","","","","","54","54","54","54","54","54","54","54","47","47","47","47","33","31","10","","",
"United Kingdom","GBR","Time required to start a business, female (days)","IC.REG.DURS.FE","","","","","","","","","","","","","","","","","","","","","","","","","","","","","","","","","","","","","","","","","","","","12","12","11.5","11.5","11.5","11.5","11.5","11.5","11.5","11.5","11.5","6","4.5","4.5","4.5","4.5","4.5","","",
"Georgia","GEO","Time required to start a business, female (days)","IC.REG.DURS.FE","","","","","","","","","","","","","","","","","","","","","","","","","","","","","","","","","","","","","","","","","","","","25","25","21","16","11","3","3","3","2","2","2","2","2","2","2","2","1","","",
"Ghana","GHA","Time required to start a business, female (days)","IC.REG.DURS.FE","","","","","","","","","","","","","","","","","","","","","","","","","","","","","","","","","","","","","","","","","","","","21","21","17","17","13","11","11","11","11","11","14","14","14","14","14","14","13","","",
"Gibraltar","GIB","Time required to start a business, female (days)","IC.REG.DURS.FE","","","","","","","","","","","","","","","","","","","","","","","","","","","","","","","","","","","","","","","","","","","","","","","","","","","","","","","","","","","","","","",
"Guinea","GIN","Time required to start a business, female (days)","IC.REG.DURS.FE","","","","","","","","","","","","","","","","","","","","","","","","","","","","","","","","","","","","","","","","","","","","48","40","40","40","40","40","40","40","40","43","23","15","15","15","15","15","15","","",
"Gambia, The","GMB","Time required to start a business, female (days)","IC.REG.DURS.FE","","","","","","","","","","","","","","","","","","","","","","","","","","","","","","","","","","","","","","","","","","","","","","28","27","32","27","27","27","27","27","27","26","25","25","25","25","8","","",
"Guinea-Bissau","GNB","Time required to start a business, female (days)","IC.REG.DURS.FE","","","","","","","","","","","","","","","","","","","","","","","","","","","","","","","","","","","","","","","","","","","","","","260","261","260","260","217","217","9","9","9","9","9","9","9","9","9","","",
"Equatorial Guinea","GNQ","Time required to start a business, female (days)","IC.REG.DURS.FE","","","","","","","","","","","","","","","","","","","","","","","","","","","","","","","","","","","","","","","","","","","","","","155","155","155","155","155","155","150","150","150","150","150","149","33","33","33","","",
"Greece","GRC","Time required to start a business, female (days)","IC.REG.DURS.FE","","","","","","","","","","","","","","","","","","","","","","","","","","","","","","","","","","","","","","","","","","","","38","38","38","38","38","19","19","19","11","11","14","13","13","13","12.5","12.5","4","","",
"Grenada","GRD","Time required to start a business, female (days)","IC.REG.DURS.FE","","","","","","","","","","","","","","","","","","","","","","","","","","","","","","","","","","","","","","","","","","","","","","20","20","19","19","19","14","14","14","15","15","15","15","15","15","12","","",
"Greenland","GRL","Time required to start a business, female (days)","IC.REG.DURS.FE","","","","","","","","","","","","","","","","","","","","","","","","","","","","","","","","","","","","","","","","","","","","","","","","","","","","","","","","","","","","","","",
"Guatemala","GTM","Time required to start a business, female (days)","IC.REG.DURS.FE","","","","","","","","","","","","","","","","","","","","","","","","","","","","","","","","","","","","","","","","","","","","41","41","41","37","36","36","36","36","36","36","26.5","26.5","26.5","26.5","26.5","15","15","","",
"Guam","GUM","Time required to start a business, female (days)","IC.REG.DURS.FE","","","","","","","","","","","","","","","","","","","","","","","","","","","","","","","","","","","","","","","","","","","","","","","","","","","","","","","","","","","","","","",
"Guyana","GUY","Time required to start a business, female (days)","IC.REG.DURS.FE","","","","","","","","","","","","","","","","","","","","","","","","","","","","","","","","","","","","","","","","","","","","","42","42","42","37","38","27","23","19","18","18","18","18","18","18","18","18","","",
"High income","HIC","Time required to start a business, female (days)","IC.REG.DURS.FE","","","","","","","","","","","","","","","","","","","","","","","","","","","","","","","","","","","","","","","","","","","","35.9523809523809","32.1395348837209","27.7765957446809","26.6224489795918","23.375","20.6037735849057","19.8867924528302","18.8301886792453","16.5636363636364","16.6785714285714","15.9025862068966","14.5991379310345","12.0560344827586","12.0215517241379","11.3405172413793","12.0466101694915","10.8279661016949","","",
"Hong Kong SAR, China","HKG","Time required to start a business, female (days)","IC.REG.DURS.FE","","","","","","","","","","","","","","","","","","","","","","","","","","","","","","","","","","","","","","","","","","","","11","11","11","11","11","11","6","6","2.5","2.5","2.5","2.5","1.5","1.5","1.5","1.5","1.5","","",
"Honduras","HND","Time required to start a business, female (days)","IC.REG.DURS.FE","","","","","","","","","","","","","","","","","","","","","","","","","","","","","","","","","","","","","","","","","","","","61","61","69","57","20","20","14","43","43","43","43","43","41","42","42","42","42","","",
"Heavily indebted poor countries (HIPC)","HPC","Time required to start a business, female (days)","IC.REG.DURS.FE","","","","","","","","","","","","","","","","","","","","","","","","","","","","","","","","","","","","","","","","","","","","60.3103448275862","55.9705882352941","59.2162162162162","56.3684210526316","50.6842105263158","50.1315789473684","47.7105263157895","44.1842105263158","33.9210526315789","32.4605263157895","26.8289473684211","23.5394736842105","24.2564102564103","23.6666666666667","23.0641025641026","23.1025641025641","22.6153846153846","","",
"Croatia","HRV","Time required to start a business, female (days)","IC.REG.DURS.FE","","","","","","","","","","","","","","","","","","","","","","","","","","","","","","","","","","","","","","","","","","","","29","29","29","25","22.5","22.5","22.5","20.5","20","22.5","22.5","22.5","22.5","22.5","22.5","22.5","19.5","","",
"Haiti","HTI","Time required to start a business, female (days)","IC.REG.DURS.FE","","","","","","","","","","","","","","","","","","","","","","","","","","","","","","","","","","","","","","","","","","","","260","202","202","202","202","224","224","134","134","134","97","97","97","97","97","97","97","","",
"Hungary","HUN","Time required to start a business, female (days)","IC.REG.DURS.FE","","","","","","","","","","","","","","","","","","","","","","","","","","","","","","","","","","","","","","","","","","","","54","54","39","39","17","6","5","5","5","7","7","7","7","7","7","7","7","","",
"IBRD only","IBD","Time required to start a business, female (days)","IC.REG.DURS.FE","","","","","","","","","","","","","","","","","","","","","","","","","","","","","","","","","","","","","","","","","","","","56.530612244898","52.0490196078431","60.4083333333333","55.827868852459","51.9918032786885","47.7950819672131","45.1639344262295","44.5327868852459","41.9262295081967","41.0483870967742","32.6426470588235","30.0851470588235","29.35","29.3772058823529","26.7674264705882","24.3923529411765","23.4749264705882","","",
"IDA & IBRD total","IBT","Time required to start a business, female (days)","IC.REG.DURS.FE","","","","","","","","","","","","","","","","","","","","","","","","","","","","","","","","","","","","","","","","","","","","57.4081632653061","54.3066037735849","57.972","54.4763779527559","50.2165354330709","47.0354330708661","44.4140625","42.37109375","37.45703125","36.7595419847328","30.7131428571429","27.7613571428571","27.5751773049645","27.0749645390071","25.3163475177305","23.8943262411348","23.0143617021277","","",
"IDA total","IDA","Time required to start a business, female (days)","IC.REG.DURS.FE","","","","","","","","","","","","","","","","","","","","","","","","","","","","","","","","","","","","","","","","","","","","58.2857142857143","56.4","55.7230769230769","53.2272727272727","48.5757575757576","46.3333333333333","43.7313432835821","40.4029850746269","33.3880597014925","32.9057971014493","28.8908333333333","25.5666666666667","25.9219178082192","24.9304109589041","23.9646575342466","23.4304109589041","22.5853424657534","","",
"IDA blend","IDB","Time required to start a business, female (days)","IC.REG.DURS.FE","","","","","","","","","","","","","","","","","","","","","","","","","","","","","","","","","","","","","","","","","","","","55.1428571428571","62.75","50.0769230769231","49.3846153846154","46.2307692307692","54.4615384615385","51.5384615384615","45.3076923076923","43.5384615384615","44.3846153846154","37.9866666666667","29.3866666666667","28.92","26.1613333333333","23.628","20.628","19.2486666666667","","",
"Indonesia","IDN","Time required to start a business, female (days)","IC.REG.DURS.FE","","","","","","","","","","","","","","","","","","","","","","","","","","","","","","","","","","","","","","","","","","","","","","","","","","","","","","76.95","53.94","49.26","26.3","24.54","21","12.64","","",
"IDA only","IDX","Time required to start a business, female (days)","IC.REG.DURS.FE","","","","","","","","","","","","","","","","","","","","","","","","","","","","","","","","","","","","","","","","","","","","58.8095238095238","55.3191489361702","57.1346153846154","54.1698113207547","49.1509433962264","44.3396226415094","41.8518518518519","39.2222222222222","30.9444444444444","30.2410714285714","26.4971929824561","24.5614035087719","25.1465517241379","24.6120689655172","24.051724137931","24.1551724137931","23.448275862069","","",
"Isle of Man","IMN","Time required to start a business, female (days)","IC.REG.DURS.FE","","","","","","","","","","","","","","","","","","","","","","","","","","","","","","","","","","","","","","","","","","","","","","","","","","","","","","","","","","","","","","",
"India","IND","Time required to start a business, female (days)","IC.REG.DURS.FE","","","","","","","","","","","","","","","","","","","","","","","","","","","","","","","","","","","","","","","","","","","","","","","","","","","","","","32.65","35","30","28.47","29.765","16.47","17.47","","",
"Not classified","INX","Time required to start a business, female (days)","IC.REG.DURS.FE","","","","","","","","","","","","","","","","","","","","","","","","","","","","","","","","","","","","","","","","","","","","","","","","","","","","","","","","","","","","","","",
"Ireland","IRL","Time required to start a business, female (days)","IC.REG.DURS.FE","","","","","","","","","","","","","","","","","","","","","","","","","","","","","","","","","","","","","","","","","","","","24","24","24","19","19","19","19","19","19","16","16","12","12","11","11","11","11","","",
"Iran, Islamic Rep.","IRN","Time required to start a business, female (days)","IC.REG.DURS.FE","","","","","","","","","","","","","","","","","","","","","","","","","","","","","","","","","","","","","","","","","","","","82","82","81","81","81","81","63","65","65","74","74","73","73","73","73","73","73","","",
"Iraq","IRQ","Time required to start a business, female (days)","IC.REG.DURS.FE","","","","","","","","","","","","","","","","","","","","","","","","","","","","","","","","","","","","","","","","","","","","","31","31","30","31","31","31","31","31","28","28","28","35","35","27","27","27","","",
"Iceland","ISL","Time required to start a business, female (days)","IC.REG.DURS.FE","","","","","","","","","","","","","","","","","","","","","","","","","","","","","","","","","","","","","","","","","","","","","5","5","5","5","5","5","5","4.5","4.5","4.5","12","12","11.5","11.5","11.5","11.5","","",
"Israel","ISR","Time required to start a business, female (days)","IC.REG.DURS.FE","","","","","","","","","","","","","","","","","","","","","","","","","","","","","","","","","","","","","","","","","","","","18","18","18","18","18","18","18","18","18","19","12","12","12","11","11","11","11","","",
"Italy","ITA","Time required to start a business, female (days)","IC.REG.DURS.FE","","","","","","","","","","","","","","","","","","","","","","","","","","","","","","","","","","","","","","","","","","","","23","15","15","15","15","12","12.5","12.5","12.5","12.5","12.5","11.5","11","11","11","11","11","","",
"Jamaica","JAM","Time required to start a business, female (days)","IC.REG.DURS.FE","","","","","","","","","","","","","","","","","","","","","","","","","","","","","","","","","","","","","","","","","","","","31","31","8","8","8","8","8","8","7","7","6","15","3","10","3","3","3","","",
"Jordan","JOR","Time required to start a business, female (days)","IC.REG.DURS.FE","","","","","","","","","","","","","","","","","","","","","","","","","","","","","","","","","","","","","","","","","","","","80","27","17","17","14","14","13","13","13","13","13","13","13","13","13","13","13","","",
"Japan","JPN","Time required to start a business, female (days)","IC.REG.DURS.FE","","","","","","","","","","","","","","","","","","","","","","","","","","","","","","","","","","","","","","","","","","","","","","","","","","","","","","11.65","11.15","11.15","11.15","11.15","11.15","11.15","","",
"Kazakhstan","KAZ","Time required to start a business, female (days)","IC.REG.DURS.FE","","","","","","","","","","","","","","","","","","","","","","","","","","","","","","","","","","","","","","","","","","","","32","32","31","27","27","27","26","25","25","25","18","16","11","9","9","5","5","","",
"Kenya","KEN","Time required to start a business, female (days)","IC.REG.DURS.FE","","","","","","","","","","","","","","","","","","","","","","","","","","","","","","","","","","","","","","","","","","","","60","47","55","55","45","33","33","33","35","34","34","32","28","22","23","23","23","","",
"Kyrgyz Republic","KGZ","Time required to start a business, female (days)","IC.REG.DURS.FE","","","","","","","","","","","","","","","","","","","","","","","","","","","","","","","","","","","","","","","","","","","","21","21","21","21","21","19","15","14","14","14","10","10","10","10","10","10","10","","",
"Cambodia","KHM","Time required to start a business, female (days)","IC.REG.DURS.FE","","","","","","","","","","","","","","","","","","","","","","","","","","","","","","","","","","","","","","","","","","","","95","95","87","86","86","102","102","102","102","102","101","101","87","99","99","99","99","","",
"Kiribati","KIR","Time required to start a business, female (days)","IC.REG.DURS.FE","","","","","","","","","","","","","","","","","","","","","","","","","","","","","","","","","","","","","","","","","","","","21","31","31","31","31","31","31","31","31","31","31","31","31","31","31","31","31","","",
"St. Kitts and Nevis","KNA","Time required to start a business, female (days)","IC.REG.DURS.FE","","","","","","","","","","","","","","","","","","","","","","","","","","","","","","","","","","","","","","","","","","","","","","19","19","19","19","19","19","19","19","18.5","18.5","18.5","18.5","18.5","18.5","18.5","","",
"Korea, Rep.","KOR","Time required to start a business, female (days)","IC.REG.DURS.FE","","","","","","","","","","","","","","","","","","","","","","","","","","","","","","","","","","","","","","","","","","","","17","17","17","17","17","17","14","14","9","8","8","8","8","8","8","8","8","","",
"Kuwait","KWT","Time required to start a business, female (days)","IC.REG.DURS.FE","","","","","","","","","","","","","","","","","","","","","","","","","","","","","","","","","","","","","","","","","","","","36","36","36","36","36","36","36","36","33","33","33","32","32","62","39","36","20","","",
"Latin America & Caribbean (excluding high income)","LAC","Time required to start a business, female (days)","IC.REG.DURS.FE","","","","","","","","","","","","","","","","","","","","","","","","","","","","","","","","","","","","","","","","","","","","82.6428571428571","73","85.4761904761905","81.7142857142857","74.5952380952381","73.7380952380952","70.3333333333333","66.1904761904762","65.6666666666667","64.9047619047619","38.654347826087","32.695652173913","31.9734782608696","31.2121739130435","30.864347826087","26.3721739130435","26.0667391304348","","",
"Lao PDR","LAO","Time required to start a business, female (days)","IC.REG.DURS.FE","","","","","","","","","","","","","","","","","","","","","","","","","","","","","","","","","","","","","","","","","","","","135","135","135","116","86","86","86","86","78","88","88","88","187","174","174","174","173","","",
"Lebanon","LBN","Time required to start a business, female (days)","IC.REG.DURS.FE","","","","","","","","","","","","","","","","","","","","","","","","","","","","","","","","","","","","","","","","","","","","53","53","53","53","53","18","15","15","15","15","15","15","15","15","15","15","15","","",
"Liberia","LBR","Time required to start a business, female (days)","IC.REG.DURS.FE","","","","","","","","","","","","","","","","","","","","","","","","","","","","","","","","","","","","","","","","","","","","","","","69","69","33","21","21","7","7","6","6","6","6","6","18","18","","",
"Libya","LBY","Time required to start a business, female (days)","IC.REG.DURS.FE","","","","","","","","","","","","","","","","","","","","","","","","","","","","","","","","","","","","","","","","","","","","","","","","","","","","","35","35","35","35","35","35","35","35","","",
"St. Lucia","LCA","Time required to start a business, female (days)","IC.REG.DURS.FE","","","","","","","","","","","","","","","","","","","","","","","","","","","","","","","","","","","","","","","","","","","","","","22","20","20","20","14","14","11","11","11","11","11","11","11","11","11","","",
"Latin America & Caribbean","LCN","Time required to start a business, female (days)","IC.REG.DURS.FE","","","","","","","","","","","","","","","","","","","","","","","","","","","","","","","","","","","","","","","","","","","","74.3157894736842","67.5","74.7931034482759","70.6551724137931","64.3","63.4666666666667","61.7833333333333","58.4","53.9516129032258","53.4354838709677","35.6530303030303","30.8030303030303","31.7239393939394","32.1781818181818","31.9357575757576","28.7593939393939","28.0919696969697","","",
"Least developed countries: UN classification","LDC","Time required to start a business, female (days)","IC.REG.DURS.FE","","","","","","","","","","","","","","","","","","","","","","","","","","","","","","","","","","","","","","","","","","","","68.0322580645161","66.6666666666667","67.7","63.9024390243902","58.7317073170732","53.0731707317073","51.2926829268293","46.5853658536585","36.219512195122","35.2441860465116","31.1440909090909","27.6818181818182","28.1","27.5888888888889","27.0777777777778","27.2555555555556","26.4555555555556","","",
"Low income","LIC","Time required to start a business, female (days)","IC.REG.DURS.FE","","","","","","","","","","","","","","","","","","","","","","","","","","","","","","","","","","","","","","","","","","","","55.8947368421053","49.5454545454545","56.9583333333333","53.28","48.2","42.24","39.28","36.96","27.64","26.4807692307692","23.4423076923077","22.0961538461538","23.2592592592593","22.7407407407407","22.0555555555556","22.4074074074074","21.6666666666667","","",
"Liechtenstein","LIE","Time required to start a business, female (days)","IC.REG.DURS.FE","","","","","","","","","","","","","","","","","","","","","","","","","","","","","","","","","","","","","","","","","","","","","","","","","","","","","","","","","","","46","46","","",
"Sri Lanka","LKA","Time required to start a business, female (days)","IC.REG.DURS.FE","","","","","","","","","","","","","","","","","","","","","","","","","","","","","","","","","","","","","","","","","","","","56","46","46","46","42","44","44","38","35","11","11","11","10","9","9","9","8","","",
"Lower middle income","LMC","Time required to start a business, female (days)","IC.REG.DURS.FE","","","","","","","","","","","","","","","","","","","","","","","","","","","","","","","","","","","","","","","","","","","","60.675","60.9767441860465","56.9166666666667","55.3541666666667","50.84375","49.6145833333333","47.28125","43.59375","38.84375","37.9489795918367","34.4303703703704","30.3007407407407","28.9177777777778","27.735","26.9023148148148","25.3127777777778","24.2840740740741","","",
"Low & middle income","LMY","Time required to start a business, female (days)","IC.REG.DURS.FE","","","","","","","","","","","","","","","","","","","","","","","","","","","","","","","","","","","","","","","","","","","","57.7692307692308","54.635","59.3869565217391","56.0128205128205","51.4358974358974","47.957264957265","44.978813559322","42.8432203389831","38.1991525423729","37.3305785123967","30.8333846153846","27.8083846153846","27.2870229007634","26.3898473282443","24.4969847328244","22.8022900763359","22.0307251908397","","",
"Lesotho","LSO","Time required to start a business, female (days)","IC.REG.DURS.FE","","","","","","","","","","","","","","","","","","","","","","","","","","","","","","","","","","","","","","","","","","","","138","138","103","73","73","39","39","39","39","29","29","29","29","29","29","29","15","","",
"Late-demographic dividend","LTE","Time required to start a business, female (days)","IC.REG.DURS.FE","","","","","","","","","","","","","","","","","","","","","","","","","","","","","","","","","","","","","","","","","","","","42.8787878787879","39.0277777777778","34.825","33.2857142857143","29.7272727272727","25.2666666666667","23.6555555555556","22.5444444444444","19.7444444444444","18.6777777777778","19.1288541666667","18.3944791666667","15.6588541666667","15.8742708333333","14.4576041666667","12.4019791666667","11.349375","","",
"Lithuania","LTU","Time required to start a business, female (days)","IC.REG.DURS.FE","","","","","","","","","","","","","","","","","","","","","","","","","","","","","","","","","","","","","","","","","","","","26","26","26","26","26","26","26","22","22","19.5","8.5","5.5","5.5","5.5","5.5","5.5","5.5","","",
"Luxembourg","LUX","Time required to start a business, female (days)","IC.REG.DURS.FE","","","","","","","","","","","","","","","","","","","","","","","","","","","","","","","","","","","","","","","","","","","","","","","28","24","24","22","16.5","16.5","16.5","16.5","16.5","16.5","16.5","16.5","16.5","16.5","","",
"Latvia","LVA","Time required to start a business, female (days)","IC.REG.DURS.FE","","","","","","","","","","","","","","","","","","","","","","","","","","","","","","","","","","","","","","","","","","","","16","16","16","16","16","15.5","15.5","15.5","15.5","15.5","12.5","12.5","5.5","5.5","5.5","5.5","5.5","","",
"Macao SAR, China","MAC","Time required to start a business, female (days)","IC.REG.DURS.FE","","","","","","","","","","","","","","","","","","","","","","","","","","","","","","","","","","","","","","","","","","","","","","","","","","","","","","","","","","","","","","",
"St. Martin (French part)","MAF","Time required to start a business, female (days)","IC.REG.DURS.FE","","","","","","","","","","","","","","","","","","","","","","","","","","","","","","","","","","","","","","","","","","","","","","","","","","","","","","","","","","","","","","",
"Morocco","MAR","Time required to start a business, female (days)","IC.REG.DURS.FE","","","","","","","","","","","","","","","","","","","","","","","","","","","","","","","","","","","","","","","","","","","","35","12","12","12","12","12","12","12","12","12","11.5","11.5","10.5","10","9","9","9","","",
"Monaco","MCO","Time required to start a business, female (days)","IC.REG.DURS.FE","","","","","","","","","","","","","","","","","","","","","","","","","","","","","","","","","","","","","","","","","","","","","","","","","","","","","","","","","","","","","","",
"Moldova","MDA","Time required to start a business, female (days)","IC.REG.DURS.FE","","","","","","","","","","","","","","","","","","","","","","","","","","","","","","","","","","","","","","","","","","","","42","32","30","31","23","16","10","10","9","9","7","7","6","6","5","4","4","","",
"Madagascar","MDG","Time required to start a business, female (days)","IC.REG.DURS.FE","","","","","","","","","","","","","","","","","","","","","","","","","","","","","","","","","","","","","","","","","","","","67","47","42","20","12","12","12","12","12","12","12","12","13","12","8","8","8","","",
"Maldives","MDV","Time required to start a business, female (days)","IC.REG.DURS.FE","","","","","","","","","","","","","","","","","","","","","","","","","","","","","","","","","","","","","","","","","","","","9","9","9","9","9","9","12","12","12","12","12","12","12","12","12","12","12","","",
"Middle East & North Africa","MEA","Time required to start a business, female (days)","IC.REG.DURS.FE","","","","","","","","","","","","","","","","","","","","","","","","","","","","","","","","","","","","","","","","","","","","45.8214285714286","41.34375","39.3823529411765","38.0882352941176","33.2368421052632","24.8684210526316","23.3421052631579","23.4736842105263","23.675","24.8809523809524","23.5","22.7380952380952","22.7857142857143","23.8095238095238","21.5952380952381","20.7619047619048","19.8809523809524","","",
"Mexico","MEX","Time required to start a business, female (days)","IC.REG.DURS.FE","","","","","","","","","","","","","","","","","","","","","","","","","","","","","","","","","","","","","","","","","","","","","","","","","","","","","","8.415","8.415","8.415","8.415","8.415","8.415","8.415","","",
"Marshall Islands","MHL","Time required to start a business, female (days)","IC.REG.DURS.FE","","","","","","","","","","","","","","","","","","","","","","","","","","","","","","","","","","","","","","","","","","","","22","17","17","17","17","17","17","17","17","17","17","17","17","17","17","17","17","","",
"Middle income","MIC","Time required to start a business, female (days)","IC.REG.DURS.FE","","","","","","","","","","","","","","","","","","","","","","","","","","","","","","","","","","","","","","","","","","","","58.2638888888889","56.0705128205128","60.0274725274725","56.7554347826087","52.3152173913044","49.5108695652174","46.510752688172","44.4247311827957","41.0376344086022","40.3","32.6811538461538","29.2364423076923","28.3326923076923","27.3372115384615","25.1308173076923","22.9048076923077","22.1252403846154","","",
"North Macedonia","MKD","Time required to start a business, female (days)","IC.REG.DURS.FE","","","","","","","","","","","","","","","","","","","","","","","","","","","","","","","","","","","","","","","","","","","","60","60","60","31","28","22","17","16","16","15","15","15","15","15","15","15","15","","",
"Mali","MLI","Time required to start a business, female (days)","IC.REG.DURS.FE","","","","","","","","","","","","","","","","","","","","","","","","","","","","","","","","","","","","","","","","","","","","33","33","27","42","25","25","8","8","8","8","11","11","8.5","8.5","11","11","11","","",
"Malta","MLT","Time required to start a business, female (days)","IC.REG.DURS.FE","","","","","","","","","","","","","","","","","","","","","","","","","","","","","","","","","","","","","","","","","","","","","","","","","","","","38.5","38.5","38.5","33.5","28","26","16","16","20.5","","",
"Myanmar","MMR","Time required to start a business, female (days)","IC.REG.DURS.FE","","","","","","","","","","","","","","","","","","","","","","","","","","","","","","","","","","","","","","","","","","","","","","","","","","","","","77","77","77","16","14","14","14","7","","",
"Middle East & North Africa (excluding high income)","MNA","Time required to start a business, female (days)","IC.REG.DURS.FE","","","","","","","","","","","","","","","","","","","","","","","","","","","","","","","","","","","","","","","","","","","","49.7777777777778","42.5454545454545","40.25","39.9166666666667","39.1666666666667","28","26","26","25.9166666666667","28.2307692307692","26.5","25.7307692307692","26.3461538461538","26.4615384615385","25.7692307692308","25.0769230769231","25.1538461538462","","",
"Montenegro","MNE","Time required to start a business, female (days)","IC.REG.DURS.FE","","","","","","","","","","","","","","","","","","","","","","","","","","","","","","","","","","","","","","","","","","","","","","","26","26","23","14","12","12","12","12","12","12","12","12","12","12","","",
"Mongolia","MNG","Time required to start a business, female (days)","IC.REG.DURS.FE","","","","","","","","","","","","","","","","","","","","","","","","","","","","","","","","","","","","","","","","","","","","24","17","17","17","17","17","17","17","17","16","16","16","12","12","12","12","12","","",
"Northern Mariana Islands","MNP","Time required to start a business, female (days)","IC.REG.DURS.FE","","","","","","","","","","","","","","","","","","","","","","","","","","","","","","","","","","","","","","","","","","","","","","","","","","","","","","","","","","","","","","",
"Mozambique","MOZ","Time required to start a business, female (days)","IC.REG.DURS.FE","","","","","","","","","","","","","","","","","","","","","","","","","","","","","","","","","","","","","","","","","","","","177","179","179","117","32","34","34","21","21","21","21","21","21","21","17","17","17","","",
"Mauritania","MRT","Time required to start a business, female (days)","IC.REG.DURS.FE","","","","","","","","","","","","","","","","","","","","","","","","","","","","","","","","","","","","","","","","","","","","82","82","82","82","50","19","19","19","19","19","19","8","8","8","6","6","6","","",
"Mauritius","MUS","Time required to start a business, female (days)","IC.REG.DURS.FE","","","","","","","","","","","","","","","","","","","","","","","","","","","","","","","","","","","","","","","","","","","","","47","47","47","8","7","7","7","7","7","7","7","7","7","6","5","4.5","","",
"Malawi","MWI","Time required to start a business, female (days)","IC.REG.DURS.FE","","","","","","","","","","","","","","","","","","","","","","","","","","","","","","","","","","","","","","","","","","","","43","37","37","37","37","37","36","36","36","37","40","38","38","37","37","37","37","","",
"Malaysia","MYS","Time required to start a business, female (days)","IC.REG.DURS.FE","","","","","","","","","","","","","","","","","","","","","","","","","","","","","","","","","","","","","","","","","","","","38","38","38","38","32","21","19","18","9","10","10","8","8","24","24","14","18","","",
"North America","NAC","Time required to start a business, female (days)","IC.REG.DURS.FE","","","","","","","","","","","","","","","","","","","","","","","","","","","","","","","","","","","","","","","","","","","","3.5","3.5","3.5","3.5","3.5","5.5","5.5","5.5","5.5","5.5","5.85","5.55","3.55","3.55","3.55","3.55","2.85","","",
"Namibia","NAM","Time required to start a business, female (days)","IC.REG.DURS.FE","","","","","","","","","","","","","","","","","","","","","","","","","","","","","","","","","","","","","","","","","","","","86","85","95","95","99","66","66","66","66","66","66","66","66","66","54","54","54","","",
"New Caledonia","NCL","Time required to start a business, female (days)","IC.REG.DURS.FE","","","","","","","","","","","","","","","","","","","","","","","","","","","","","","","","","","","","","","","","","","","","","","","","","","","","","","","","","","","","","","",
"Niger","NER","Time required to start a business, female (days)","IC.REG.DURS.FE","","","","","","","","","","","","","","","","","","","","","","","","","","","","","","","","","","","","","","","","","","","","36","36","36","32","24","20","18","18","18","18","18","16","16","11","8","10","10","","",
"Nigeria","NGA","Time required to start a business, female (days)","IC.REG.DURS.FE","","","","","","","","","","","","","","","","","","","","","","","","","","","","","","","","","","","","","","","","","","","","","","","","","","","","","","30.3","30.3","30.3","24.92","18.92","10.92","7.23","","",
"Nicaragua","NIC","Time required to start a business, female (days)","IC.REG.DURS.FE","","","","","","","","","","","","","","","","","","","","","","","","","","","","","","","","","","","","","","","","","","","","47","40","40","40","39","39","39","39","39","39","37","14","14","14","14","14","14","","",
"Netherlands","NLD","Time required to start a business, female (days)","IC.REG.DURS.FE","","","","","","","","","","","","","","","","","","","","","","","","","","","","","","","","","","","","","","","","","","","","9","9","9","8","8","8","8","8","8","5","4","3.5","3.5","3.5","3.5","3.5","3.5","","",
"Norway","NOR","Time required to start a business, female (days)","IC.REG.DURS.FE","","","","","","","","","","","","","","","","","","","","","","","","","","","","","","","","","","","","","","","","","","","","18","18","8","7","8","6","6","6","6","6","6","5","4","4","4","4","4","","",
"Nepal","NPL","Time required to start a business, female (days)","IC.REG.DURS.FE","","","","","","","","","","","","","","","","","","","","","","","","","","","","","","","","","","","","","","","","","","","","31","31","31","31","31","31","31","31","29","29","17","17","17","17","18.5","18.5","22.5","","",
"Nauru","NRU","Time required to start a business, female (days)","IC.REG.DURS.FE","","","","","","","","","","","","","","","","","","","","","","","","","","","","","","","","","","","","","","","","","","","","","","","","","","","","","","","","","","","","","","",
"New Zealand","NZL","Time required to start a business, female (days)","IC.REG.DURS.FE","","","","","","","","","","","","","","","","","","","","","","","","","","","","","","","","","","","","","","","","","","","","12","12","12","12","12","0.5","0.5","0.5","0.5","0.5","0.5","0.5","0.5","0.5","0.5","0.5","0.5","","",
"OECD members","OED","Time required to start a business, female (days)","IC.REG.DURS.FE","","","","","","","","","","","","","","","","","","","","","","","","","","","","","","","","","","","","","","","","","","","","39.8030303030303","33.9411764705882","27.4852941176471","24.8714285714286","22.4142857142857","19.1285714285714","17.8285714285714","16.8714285714286","15.0142857142857","14.3714285714286","12.4148684210526","11.3332894736842","10.5175","10.0964473684211","10.0964473684211","10.0438157894737","9.48065789473684","","",
"Oman","OMN","Time required to start a business, female (days)","IC.REG.DURS.FE","","","","","","","","","","","","","","","","","","","","","","","","","","","","","","","","","","","","","","","","","","","","37","37","37","44","41","16","14","14","10","10","10","10","10","8","5","5","5","","",
"Other small states","OSS","Time required to start a business, female (days)","IC.REG.DURS.FE","","","","","","","","","","","","","","","","","","","","","","","","","","","","","","","","","","","","","","","","","","","","82","85.5","79.8421052631579","76.5238095238095","67.1086956521739","59.4375","55.6041666666667","52.7916666666667","36.2","35.8076923076923","33.7307692307692","29.7115384615385","25.0192307692308","24.7692307692308","18.6538461538462","18.2307692307692","15.6730769230769","","",
"Pakistan","PAK","Time required to start a business, female (days)","IC.REG.DURS.FE","","","","","","","","","","","","","","","","","","","","","","","","","","","","","","","","","","","","","","","","","","","","","","","","","","","","","","20","20","20","20","19.5","16.5","16.5","","",
"Panama","PAN","Time required to start a business, female (days)","IC.REG.DURS.FE","","","","","","","","","","","","","","","","","","","","","","","","","","","","","","","","","","","","","","","","","","","","18","18","18","18","18","12","12","9","8","7","6","6","6","6","6","6","6","","",
"Peru","PER","Time required to start a business, female (days)","IC.REG.DURS.FE","","","","","","","","","","","","","","","","","","","","","","","","","","","","","","","","","","","","","","","","","","","","100.5","100.5","104.5","74.5","74.5","67","41","42.5","41.5","41.5","41.5","41.5","41.5","41","41","26","26","","",
"Philippines","PHL","Time required to start a business, female (days)","IC.REG.DURS.FE","","","","","","","","","","","","","","","","","","","","","","","","","","","","","","","","","","","","","","","","","","","","37","37","35","35","35","34","34","29","28","28","28","26","25","25","39","34","33","","",
"Palau","PLW","Time required to start a business, female (days)","IC.REG.DURS.FE","","","","","","","","","","","","","","","","","","","","","","","","","","","","","","","","","","","","","","","","","","","","33","24","24","28","28","28","28","28","28","28","28","28","28","28","28","28","28","","",
"Papua New Guinea","PNG","Time required to start a business, female (days)","IC.REG.DURS.FE","","","","","","","","","","","","","","","","","","","","","","","","","","","","","","","","","","","","","","","","","","","","52","52","52","52","52","52","52","52","52","52","53","53","53","41","41","41","41","","",
"Poland","POL","Time required to start a business, female (days)","IC.REG.DURS.FE","","","","","","","","","","","","","","","","","","","","","","","","","","","","","","","","","","","","","","","","","","","","63","63","52","45","45","45","39","39","39","39","37","37","37","37","37","37","37","","",
"Pre-demographic dividend","PRE","Time required to start a business, female (days)","IC.REG.DURS.FE","","","","","","","","","","","","","","","","","","","","","","","","","","","","","","","","","","","","","","","","","","","","57.4583333333333","55.448275862069","62.5757575757576","60.1470588235294","54.6470588235294","52.6470588235294","50.6176470588235","47.0882352941176","38.5882352941176","36.2714285714286","31.2166666666667","26.1611111111111","26.2783783783784","25.4572972972973","21.4437837837838","21.3356756756757","20.7494594594595","","",
"Puerto Rico","PRI","Time required to start a business, female (days)","IC.REG.DURS.FE","","","","","","","","","","","","","","","","","","","","","","","","","","","","","","","","","","","","","","","","","","","","7","7","7","7","7","7","7","7","6","6","6","6","6","5.5","5.5","5.5","5.5","","",
"Korea, Dem. People's Rep.","PRK","Time required to start a business, female (days)","IC.REG.DURS.FE","","","","","","","","","","","","","","","","","","","","","","","","","","","","","","","","","","","","","","","","","","","","","","","","","","","","","","","","","","","","","","",
"Portugal","PRT","Time required to start a business, female (days)","IC.REG.DURS.FE","","","","","","","","","","","","","","","","","","","","","","","","","","","","","","","","","","","","","","","","","","","","78","78","48","9","8","7","7","7","7","7","6","6","6","6","6.5","6.5","6.5","","",
"Paraguay","PRY","Time required to start a business, female (days)","IC.REG.DURS.FE","","","","","","","","","","","","","","","","","","","","","","","","","","","","","","","","","","","","","","","","","","","","72","72","72","72","34","35","35","35","35","35","35","35","35","35","35","35","35","","",
"West Bank and Gaza","PSE","Time required to start a business, female (days)","IC.REG.DURS.FE","","","","","","","","","","","","","","","","","","","","","","","","","","","","","","","","","","","","","","","","","","","","","75","75","75","74","64","64","64","63","50","48","44","44","44","44","44","44","","",
"Pacific island small states","PSS","Time required to start a business, female (days)","IC.REG.DURS.FE","","","","","","","","","","","","","","","","","","","","","","","","","","","","","","","","","","","","","","","","","","","","35.4444444444444","32.7777777777778","33.4444444444444","33.8888888888889","33.8888888888889","33.1111111111111","30.2222222222222","30.2222222222222","26.1111111111111","23.8888888888889","24.3333333333333","24.3333333333333","24.3333333333333","20.4444444444444","20.4444444444444","20.4444444444444","20.4444444444444","","",
"Post-demographic dividend","PST","Time required to start a business, female (days)","IC.REG.DURS.FE","","","","","","","","","","","","","","","","","","","","","","","","","","","","","","","","","","","","","","","","","","","","35.5833333333333","32.5166666666667","28.4838709677419","25.5","22.6875","20.203125","17.734375","17.296875","15.9264705882353","15.75","14.8708333333333","13.7569444444444","12.4652777777778","11.8680555555556","11.5902777777778","11.6180555555556","11.1902777777778","","",
"French Polynesia","PYF","Time required to start a business, female (days)","IC.REG.DURS.FE","","","","","","","","","","","","","","","","","","","","","","","","","","","","","","","","","","","","","","","","","","","","","","","","","","","","","","","","","","","","","","",
"Qatar","QAT","Time required to start a business, female (days)","IC.REG.DURS.FE","","","","","","","","","","","","","","","","","","","","","","","","","","","","","","","","","","","","","","","","","","","","","","","","9","9","9","11.5","10.5","10.5","10.5","10.5","10.5","10.5","10.5","9.5","9.5","","",
"Romania","ROU","Time required to start a business, female (days)","IC.REG.DURS.FE","","","","","","","","","","","","","","","","","","","","","","","","","","","","","","","","","","","","","","","","","","","","29","28","11","11","8","8","8","8","12","8","8","8","8","12","12","35","20","","",
"Russian Federation","RUS","Time required to start a business, female (days)","IC.REG.DURS.FE","","","","","","","","","","","","","","","","","","","","","","","","","","","","","","","","","","","","","","","","","","","","","","","","","","","","","","13.2","11.5","10.8","10.1","10.1","10.1","10.1","","",
"Rwanda","RWA","Time required to start a business, female (days)","IC.REG.DURS.FE","","","","","","","","","","","","","","","","","","","","","","","","","","","","","","","","","","","","","","","","","","","","18","18","18","16","16","14","7","7","7","8","7","7","6","4","4","4","4","","",
"South Asia","SAS","Time required to start a business, female (days)","IC.REG.DURS.FE","","","","","","","","","","","","","","","","","","","","","","","","","","","","","","","","","","","","","","","","","","","","39.5","31.6","31.6","31.6","28.2","28.2","28.6","27.4","24.2","19.4","18.93625","17.3125","16.5625","16.24625","16.158125","14.12125","14.62125","","",
"Saudi Arabia","SAU","Time required to start a business, female (days)","IC.REG.DURS.FE","","","","","","","","","","","","","","","","","","","","","","","","","","","","","","","","","","","","","","","","","","","","82.5","82.5","75.5","50.5","28.5","28.5","28.5","28.5","28.5","25.5","26","26","24.5","20.5","19","19","11","","",
"Sudan","SDN","Time required to start a business, female (days)","IC.REG.DURS.FE","","","","","","","","","","","","","","","","","","","","","","","","","","","","","","","","","","","","","","","","","","","","","39","39","39","39","39","37","37","37","37","37","37","37","37","37","35","35","","",
"Senegal","SEN","Time required to start a business, female (days)","IC.REG.DURS.FE","","","","","","","","","","","","","","","","","","","","","","","","","","","","","","","","","","","","","","","","","","","","57","57","57","57","58","9","9","9","6","6","6","6","6","6","6","6","6","","",
"Singapore","SGP","Time required to start a business, female (days)","IC.REG.DURS.FE","","","","","","","","","","","","","","","","","","","","","","","","","","","","","","","","","","","","","","","","","","","","8","8","6","6","5","3.5","2.5","2.5","2.5","2.5","2.5","2.5","2.5","2.5","2.5","1.5","1.5","","",
"Solomon Islands","SLB","Time required to start a business, female (days)","IC.REG.DURS.FE","","","","","","","","","","","","","","","","","","","","","","","","","","","","","","","","","","","","","","","","","","","","55","55","55","55","55","55","55","55","41","7","9","9","9","9","9","9","9","","",
"Sierra Leone","SLE","Time required to start a business, female (days)","IC.REG.DURS.FE","","","","","","","","","","","","","","","","","","","","","","","","","","","","","","","","","","","","","","","","","","","","26","26","26","26","26","17","12","12","12","12","12","12","10","8","8","8","8","","",
"El Salvador","SLV","Time required to start a business, female (days)","IC.REG.DURS.FE","","","","","","","","","","","","","","","","","","","","","","","","","","","","","","","","","","","","","","","","","","","","115","115","40","36","19.5","16.5","16.5","16.5","16.5","16.5","16.5","16.5","16.5","16.5","16.5","16.5","16.5","","",
"San Marino","SMR","Time required to start a business, female (days)","IC.REG.DURS.FE","","","","","","","","","","","","","","","","","","","","","","","","","","","","","","","","","","","","","","","","","","","","","","","","","","","","","41","41","36","12.5","12.5","12.5","12.5","11.5","","",
"Somalia","SOM","Time required to start a business, female (days)","IC.REG.DURS.FE","","","","","","","","","","","","","","","","","","","","","","","","","","","","","","","","","","","","","","","","","","","","","","","","","","","","","","","","70","70","70","70","70","","",
"Serbia","SRB","Time required to start a business, female (days)","IC.REG.DURS.FE","","","","","","","","","","","","","","","","","","","","","","","","","","","","","","","","","","","","","","","","","","","","56","56","23","23","23","23","13","13","13","12","12","11.5","11.5","6.5","5.5","5.5","7","","",
"Sub-Saharan Africa (excluding high income)","SSA","Time required to start a business, female (days)","IC.REG.DURS.FE","","","","","","","","","","","","","","","","","","","","","","","","","","","","","","","","","","","","","","","","","","","","62.5625","60.1111111111111","64.2558139534884","60.6363636363636","55.6590909090909","51.6136363636364","48.9545454545455","46.9545454545455","37.6818181818182","35.7","31.4086956521739","29.104347826087","28.9","28.1897872340426","23.9663829787234","23.0727659574468","21.3559574468085","","",
"South Sudan","SSD","Time required to start a business, female (days)","IC.REG.DURS.FE","","","","","","","","","","","","","","","","","","","","","","","","","","","","","","","","","","","","","","","","","","","","","","","","","","","","","14","14","14","14","14","13","13","13","","",
"Sub-Saharan Africa","SSF","Time required to start a business, female (days)","IC.REG.DURS.FE","","","","","","","","","","","","","","","","","","","","","","","","","","","","","","","","","","","","","","","","","","","","62.5625","60.1111111111111","63.5454545454545","60.0222222222222","55.1555555555556","51.2","48.6","46.6444444444444","37.5777777777778","35.6413043478261","31.4212765957447","29.1659574468085","28.9645833333333","28.2691666666667","24.13375","23.25875","21.5777083333333","","",
"Small states","SST","Time required to start a business, female (days)","IC.REG.DURS.FE","","","","","","","","","","","","","","","","","","","","","","","","","","","","","","","","","","","","","","","","","","","","52.625","58.2380952380952","72.025641025641","69.3414634146341","63.7045454545455","59.5555555555556","56.5333333333333","54.6333333333333","44.0106382978723","43.1979166666667","31.9270833333333","26.9583333333333","24.2708333333333","22.9479166666667","19.59375","19.3645833333333","17.6458333333333","","",
"Sao Tome and Principe","STP","Time required to start a business, female (days)","IC.REG.DURS.FE","","","","","","","","","","","","","","","","","","","","","","","","","","","","","","","","","","","","","","","","","","","","","145","145","145","145","145","145","147","11","8","8","7","7","7","7","7","7","","",
"Suriname","SUR","Time required to start a business, female (days)","IC.REG.DURS.FE","","","","","","","","","","","","","","","","","","","","","","","","","","","","","","","","","","","","","","","","","","","","","","697","689","689","690","690","690","690","690","204","84","84","66","66","66","66","","",
"Slovak Republic","SVK","Time required to start a business, female (days)","IC.REG.DURS.FE","","","","","","","","","","","","","","","","","","","","","","","","","","","","","","","","","","","","","","","","","","","","113","62","37","37","37","28.5","28.5","28.5","28.5","28.5","33.5","26.5","26.5","26.5","26.5","26.5","21.5","","",
"Slovenia","SVN","Time required to start a business, female (days)","IC.REG.DURS.FE","","","","","","","","","","","","","","","","","","","","","","","","","","","","","","","","","","","","","","","","","","","","61.5","61.5","61.5","61.5","61.5","20.5","6","6","6","6","6","6","6","6","6","8","8","","",
"Sweden","SWE","Time required to start a business, female (days)","IC.REG.DURS.FE","","","","","","","","","","","","","","","","","","","","","","","","","","","","","","","","","","","","","","","","","","","","16","16","16","16","16","16","16","16","16","16","16","16","7","7","7","7.5","7.5","","",
"Eswatini","SWZ","Time required to start a business, female (days)","IC.REG.DURS.FE","","","","","","","","","","","","","","","","","","","","","","","","","","","","","","","","","","","","","","","","","","","","","","60","60","60","60","60","56","56","56","38","30","30","30","30","30","21.5","","",
"Sint Maarten (Dutch part)","SXM","Time required to start a business, female (days)","IC.REG.DURS.FE","","","","","","","","","","","","","","","","","","","","","","","","","","","","","","","","","","","","","","","","","","","","","","","","","","","","","","","","","","","","","","",
"Seychelles","SYC","Time required to start a business, female (days)","IC.REG.DURS.FE","","","","","","","","","","","","","","","","","","","","","","","","","","","","","","","","","","","","","","","","","","","","","","33","33","33","33","33","33","33","33","32","32","32","32","32","32","32","","",
"Syrian Arab Republic","SYR","Time required to start a business, female (days)","IC.REG.DURS.FE","","","","","","","","","","","","","","","","","","","","","","","","","","","","","","","","","","","","","","","","","","","","44","44","44","44","44","17","16","14","14","14","14","14","14","16","16","16","16","","",
"Turks and Caicos Islands","TCA","Time required to start a business, female (days)","IC.REG.DURS.FE","","","","","","","","","","","","","","","","","","","","","","","","","","","","","","","","","","","","","","","","","","","","","","","","","","","","","","","","","","","","","","",
"Chad","TCD","Time required to start a business, female (days)","IC.REG.DURS.FE","","","","","","","","","","","","","","","","","","","","","","","","","","","","","","","","","","","","","","","","","","","","62","62","62","62","62","62","62","62","53","60","60","60","60","60","60","58","58","","",
"East Asia & Pacific (IDA & IBRD countries)","TEA","Time required to start a business, female (days)","IC.REG.DURS.FE","","","","","","","","","","","","","","","","","","","","","","","","","","","","","","","","","","","","","","","","","","","","46.8235294117647","51","50.4444444444444","49.8333333333333","46.8333333333333","46.6111111111111","45","42","37.9444444444444","39.2105263157895","41.0619047619048","35.8709523809524","35.8385714285714","33.1047619047619","32.2590476190476","30.3595238095238","29.6757142857143","","",
"Europe & Central Asia (IDA & IBRD countries)","TEC","Time required to start a business, female (days)","IC.REG.DURS.FE","","","","","","","","","","","","","","","","","","","","","","","","","","","","","","","","","","","","","","","","","","","","45.3888888888889","43.3611111111111","42.8684210526316","35.825","31.2","27.55","22.9047619047619","22","20.3095238095238","19.4285714285714","17.4409090909091","16.6136363636364","14.5818181818182","14.3909090909091","13.7545454545455","14.2772727272727","13.2772727272727","","",
"Togo","TGO","Time required to start a business, female (days)","IC.REG.DURS.FE","","","","","","","","","","","","","","","","","","","","","","","","","","","","","","","","","","","","","","","","","","","","74","63","63","62","60","60","84","84","84","38","19","10","10","6","6","5.5","2.5","","",
"Thailand","THA","Time required to start a business, female (days)","IC.REG.DURS.FE","","","","","","","","","","","","","","","","","","","","","","","","","","","","","","","","","","","","","","","","","","","","35","35","35","35","35","35","34","34","32","31","31","31","31","29","6","6","6","","",
"Tajikistan","TJK","Time required to start a business, female (days)","IC.REG.DURS.FE","","","","","","","","","","","","","","","","","","","","","","","","","","","","","","","","","","","","","","","","","","","","","","79","79","66","66","42","16","13","13","22","28","11","21","10","10","7","","",
"Turkmenistan","TKM","Time required to start a business, female (days)","IC.REG.DURS.FE","","","","","","","","","","","","","","","","","","","","","","","","","","","","","","","","","","","","","","","","","","","","","","","","","","","","","","","","","","","","","","",
"Latin America & the Caribbean (IDA & IBRD countries)","TLA","Time required to start a business, female (days)","IC.REG.DURS.FE","","","","","","","","","","","","","","","","","","","","","","","","","","","","","","","","","","","","","","","","","","","","78.0555555555556","70.6842105263158","77.2142857142857","72.9285714285714","67.5535714285714","66.6607142857143","64.8571428571429","61.4821428571429","58.0357142857143","57.4642857142857","37.635","32.2666666666667","33.113","33.9626666666667","33.696","30.202","29.8011666666667","","",
"Timor-Leste","TLS","Time required to start a business, female (days)","IC.REG.DURS.FE","","","","","","","","","","","","","","","","","","","","","","","","","","","","","","","","","","","","","","","","","","","","","167","167","167","158","157","157","110","94","94","94","15","14","14","13","13","13","","",
"Middle East & North Africa (IDA & IBRD countries)","TMN","Time required to start a business, female (days)","IC.REG.DURS.FE","","","","","","","","","","","","","","","","","","","","","","","","","","","","","","","","","","","","","","","","","","","","49.7777777777778","39.3","37.0909090909091","36.7272727272727","36","24.7272727272727","22.5454545454545","22.5454545454545","22.5454545454545","26.4166666666667","24.7083333333333","24.2083333333333","24.875","25","24.25","23.5","23.5833333333333","","",
"Tonga","TON","Time required to start a business, female (days)","IC.REG.DURS.FE","","","","","","","","","","","","","","","","","","","","","","","","","","","","","","","","","","","","","","","","","","","","32","32","32","32","32","25","25","25","16","16","16","16","16","16","16","16","16","","",
"South Asia (IDA & IBRD)","TSA","Time required to start a business, female (days)","IC.REG.DURS.FE","","","","","","","","","","","","","","","","","","","","","","","","","","","","","","","","","","","","","","","","","","","","39.5","31.6","31.6","31.6","28.2","28.2","28.6","27.4","24.2","19.4","18.93625","17.3125","16.5625","16.24625","16.158125","14.12125","14.62125","","",
"Sub-Saharan Africa (IDA & IBRD countries)","TSS","Time required to start a business, female (days)","IC.REG.DURS.FE","","","","","","","","","","","","","","","","","","","","","","","","","","","","","","","","","","","","","","","","","","","","62.5625","60.1111111111111","63.5454545454545","60.0222222222222","55.1555555555556","51.2","48.6","46.6444444444444","37.5777777777778","35.6413043478261","31.4212765957447","29.1659574468085","28.9645833333333","28.2691666666667","24.13375","23.25875","21.5777083333333","","",
"Trinidad and Tobago","TTO","Time required to start a business, female (days)","IC.REG.DURS.FE","","","","","","","","","","","","","","","","","","","","","","","","","","","","","","","","","","","","","","","","","","","","","","74","41","41","41","41","40","40","40","35.5","11.5","11.5","10.5","10.5","10.5","10.5","","",
"Tunisia","TUN","Time required to start a business, female (days)","IC.REG.DURS.FE","","","","","","","","","","","","","","","","","","","","","","","","","","","","","","","","","","","","","","","","","","","","13","13","13","13","13","13","13","13","13","13","13","13","13","13","13","9","9","","",
"Turkiye","TUR","Time required to start a business, female (days)","IC.REG.DURS.FE","","","","","","","","","","","","","","","","","","","","","","","","","","","","","","","","","","","","","","","","","","","","40","10.5","10.5","10.5","10.5","10.5","10.5","10.5","10.5","10.5","10.5","11","11","10","10","7","7","","",
"Tuvalu","TUV","Time required to start a business, female (days)","IC.REG.DURS.FE","","","","","","","","","","","","","","","","","","","","","","","","","","","","","","","","","","","","","","","","","","","","","","","","","","","","","","","","","","","","","","",
"Tanzania","TZA","Time required to start a business, female (days)","IC.REG.DURS.FE","","","","","","","","","","","","","","","","","","","","","","","","","","","","","","","","","","","","","","","","","","","","36","36","36","33","32","31","31","31","31","29","29","29","29","29","29","27.5","29.5","","",
"Uganda","UGA","Time required to start a business, female (days)","IC.REG.DURS.FE","","","","","","","","","","","","","","","","","","","","","","","","","","","","","","","","","","","","","","","","","","","","36","36","36","30","30","27","27","26","26","29","28","28","27","26","24","24","24","","",
"Ukraine","UKR","Time required to start a business, female (days)","IC.REG.DURS.FE","","","","","","","","","","","","","","","","","","","","","","","","","","","","","","","","","","","","","","","","","","","","41","35","35","34","28","28","28","28","25","23","22","22","8","6.5","6.5","6.5","6.5","","",
"Upper middle income","UMC","Time required to start a business, female (days)","IC.REG.DURS.FE","","","","","","","","","","","","","","","","","","","","","","","","","","","","","","","","","","","","","","","","","","","","55.25","50.0428571428571","63.5","58.2840909090909","53.9204545454545","49.3977272727273","45.6888888888889","45.3111111111111","43.3777777777778","42.804347826087","30.792","28.087","27.7008","26.9076","23.2176","20.3042","19.7937","","",
"Uruguay","URY","Time required to start a business, female (days)","IC.REG.DURS.FE","","","","","","","","","","","","","","","","","","","","","","","","","","","","","","","","","","","","","","","","","","","","45","45","45","43","43","43","64","64","6.5","6.5","6.5","6.5","6.5","6.5","6.5","6.5","6.5","","",
"United States","USA","Time required to start a business, female (days)","IC.REG.DURS.FE","","","","","","","","","","","","","","","","","","","","","","","","","","","","","","","","","","","","","","","","","","","","","","","","","","","","","","6.2","5.6","5.6","5.6","5.6","5.6","4.2","","",
"Uzbekistan","UZB","Time required to start a business, female (days)","IC.REG.DURS.FE","","","","","","","","","","","","","","","","","","","","","","","","","","","","","","","","","","","","","","","","","","","","28","28","28","28","14","14","14","14","13","11","7.5","7.5","5.5","5.5","5","3","3","","",
"St. Vincent and the Grenadines","VCT","Time required to start a business, female (days)","IC.REG.DURS.FE","","","","","","","","","","","","","","","","","","","","","","","","","","","","","","","","","","","","","","","","","","","","","","12","12","12","12","11","10","10","10","10","10","10","10","10","10","10","","",
"Venezuela, RB","VEN","Time required to start a business, female (days)","IC.REG.DURS.FE","","","","","","","","","","","","","","","","","","","","","","","","","","","","","","","","","","","","","","","","","","","","143","143","143","143","142","141","141","141","141","144","144","144","186","230","230","230","230","","",
"British Virgin Islands","VGB","Time required to start a business, female (days)","IC.REG.DURS.FE","","","","","","","","","","","","","","","","","","","","","","","","","","","","","","","","","","","","","","","","","","","","","","","","","","","","","","","","","","","","","","",
"Virgin Islands (U.S.)","VIR","Time required to start a business, female (days)","IC.REG.DURS.FE","","","","","","","","","","","","","","","","","","","","","","","","","","","","","","","","","","","","","","","","","","","","","","","","","","","","","","","","","","","","","","",
"Vietnam","VNM","Time required to start a business, female (days)","IC.REG.DURS.FE","","","","","","","","","","","","","","","","","","","","","","","","","","","","","","","","","","","","","","","","","","","","61","47","41","46","37","37","37","36","36","32","34","34","20","24","22","17","16","","",
"Vanuatu","VUT","Time required to start a business, female (days)","IC.REG.DURS.FE","","","","","","","","","","","","","","","","","","","","","","","","","","","","","","","","","","","","","","","","","","","","47","47","47","47","47","47","47","47","33","33","35","35","35","18","18","18","18","","",
"World","WLD","Time required to start a business, female (days)","IC.REG.DURS.FE","","","","","","","","","","","","","","","","","","","","","","","","","","","","","","","","","","","","","","","","","","","","51.5671641791045","48.53125","50.7852760736196","47.9101796407186","43.3852941176471","40.0233918128655","37.8052325581395","36.0145348837209","31.9511494252874","31.4325842696629","26.8502116402116","24.3695238095238","23.4728947368421","23.0753684210526","21.5623947368421","20.5646596858639","19.6590314136126","","",
"Samoa","WSM","Time required to start a business, female (days)","IC.REG.DURS.FE","","","","","","","","","","","","","","","","","","","","","","","","","","","","","","","","","","","","","","","","","","","","42","42","35","35","35","35","9","9","9","9","9","9","9","9","9","9","9","","",
"Kosovo","XKX","Time required to start a business, female (days)","IC.REG.DURS.FE","","","","","","","","","","","","","","","","","","","","","","","","","","","","","","","","","","","","","","","","","","","","","","","","","","52","58","58","51","29","10","10","6","5.5","5.5","4.5","","",
"Yemen, Rep.","YEM","Time required to start a business, female (days)","IC.REG.DURS.FE","","","","","","","","","","","","","","","","","","","","","","","","","","","","","","","","","","","","","","","","","","","","73","64","64","64","64","14","13","13","13","41","41","41","41","41","41","41","41","","",
"South Africa","ZAF","Time required to start a business, female (days)","IC.REG.DURS.FE","","","","","","","","","","","","","","","","","","","","","","","","","","","","","","","","","","","","","","","","","","","","56","56","53","53","53","45","45","45","45","45","45","46","46","45","45","40","40","","",
"Zambia","ZMB","Time required to start a business, female (days)","IC.REG.DURS.FE","","","","","","","","","","","","","","","","","","","","","","","","","","","","","","","","","","","","","","","","","","","","36","36","36","36","34","19","19","19","19","18.5","8.5","8.5","8.5","8.5","8.5","8.5","8.5","","",
"Zimbabwe","ZWE","Time required to start a business, female (days)","IC.REG.DURS.FE","","","","","","","","","","","","","","","","","","","","","","","","","","","","","","","","","","","","","","","","","","","","132","94","94","94","94","94","94","87","87","87","91","91","91","91","61","32","27","","",
